[
	{ "Code": "010100", "Name": "Santo Domingo de Guzmán", "Province": "010000" },
	{ "Code": "020100", "Name": "Azua", "Province": "020000" },
	{ "Code": "020200", "Name": "Las Charcas", "Province": "020000" },
	{ "Code": "020300", "Name": "Las Yayitas de Viajama", "Province": "020000" },
	{ "Code": "020400", "Name": "Padre las Casas", "Province": "020000" },
	{ "Code": "020500", "Name": "Peralta", "Province": "020000" },
	{ "Code": "020600", "Name": "Sabana Yegua", "Province": "020000" },
	{ "Code": "020700", "Name": "Pueblo Viejo", "Province": "020000" },
	{ "Code": "020800", "Name": "Tábara Arriba", "Province": "020000" },
	{ "Code": "020900", "Name": "Guayabal", "Province": "020000" },
	{ "Code": "021000", "Name": "Estebanía", "Province": "020000" },
	{ "Code": "030100", "Name": "Neiba", "Province": "030000" },
	{ "Code": "030200", "Name": "Galván", "Province": "030000" },
	{ "Code": "030300", "Name": "Tamayo", "Province": "030000" },
	{ "Code": "030400", "Name": "Villa Jaragua", "Province": "030000" },
	{ "Code": "030500", "Name": "Los Ríos", "Province": "030000" },
	{ "Code": "040100", "Name": "Barahona", "Province": "040000" },
	{ "Code": "040200", "Name": "Cabral", "Province": "040000" },
	{ "Code": "040300", "Name": "Enriquillo", "Province": "040000" },
	{ "Code": "040400", "Name": "Paraíso", "Province": "040000" },
	{ "Code": "040500", "Name": "Vicente Noble", "Province": "040000" },
	{ "Code": "040600", "Name": "El Peñón", "Province": "040000" },
	{ "Code": "040700", "Name": "La Ciénaga", "Province": "040000" },
	{ "Code": "040800", "Name": "Fundación", "Province": "040000" },
	{ "Code": "040900", "Name": "Las Salinas", "Province": "040000" },
	{ "Code": "041000", "Name": "Polo", "Province": "040000" },
	{ "Code": "041100", "Name": "Jaquimeyes", "Province": "040000" },
	{ "Code": "050100", "Name": "Dajabón", "Province": "050000" },
	{ "Code": "050200", "Name": "Loma de Cabrera", "Province": "050000" },
	{ "Code": "050300", "Name": "Partido", "Province": "050000" },
	{ "Code": "050400", "Name": "Restauración", "Province": "050000" },
	{ "Code": "050500", "Name": "Pino", "Province": "050000" },
	{ "Code": "060100", "Name": "San Francisco de Macorís", "Province": "060000" },
	{ "Code": "060200", "Name": "Arenoso", "Province": "060000" },
	{ "Code": "060300", "Name": "Castillo", "Province": "060000" },
	{ "Code": "060400", "Name": "Pimentel", "Province": "060000" },
	{ "Code": "060500", "Name": "Villa Riva", "Province": "060000" },
	{ "Code": "060600", "Name": "Guaramas", "Province": "060000" },
	{ "Code": "060700", "Name": "Eugenio María de Hostos", "Province": "060000" },
	{ "Code": "070100", "Name": "Comendador", "Province": "070000" },
	{ "Code": "070200", "Name": "Bánica", "Province": "070000" },
	{ "Code": "070300", "Name": "El Llano", "Province": "070000" },
	{ "Code": "070400", "Name": "Hondo Valle", "Province": "070000" },
	{ "Code": "070500", "Name": "Pedro Santana", "Province": "070000" },
	{ "Code": "070600", "Name": "Juan Santiago", "Province": "070000" },
	{ "Code": "080100", "Name": "El Seibo", "Province": "080000" },
	{ "Code": "080200", "Name": "Miches", "Province": "080000" },
	{ "Code": "090100", "Name": "Moca", "Province": "090000" },
	{ "Code": "090200", "Name": "Cayetano Germosén", "Province": "090000" },
	{ "Code": "090300", "Name": "Gaspar Hernández", "Province": "090000" },
	{ "Code": "090400", "Name": "Jamao al Norte", "Province": "090000" },
	{ "Code": "100100", "Name": "Jimaní", "Province": "100000" },
	{ "Code": "100200", "Name": "Duverge", "Province": "100000" },
	{ "Code": "100300", "Name": "La Descubierta", "Province": "100000" },
	{ "Code": "100400", "Name": "Postrer Rio", "Province": "100000" },
	{ "Code": "100500", "Name": "Cristobal", "Province": "100000" },
	{ "Code": "110100", "Name": "Higüey", "Province": "110000" },
	{ "Code": "110200", "Name": "San Rafael del Yuma", "Province": "110000" },
	{ "Code": "120100", "Name": "La Romana", "Province": "120000" },
	{ "Code": "120200", "Name": "Guaymate", "Province": "120000" },
	{ "Code": "120300", "Name": "Villa Hermosa", "Province": "120000" },
	{ "Code": "130100", "Name": "La Vega", "Province": "130000" },
	{ "Code": "130200", "Name": "Constanza", "Province": "130000" },
	{ "Code": "130300", "Name": "Jarabacoa", "Province": "130000" },
	{ "Code": "130400", "Name": "Jima Abajo", "Province": "130000" },
	{ "Code": "140100", "Name": "Nagua",  "Province": "140000" },
	{ "Code": "140200", "Name": "Cabrera",  "Province": "140000" },
	{ "Code": "140300",  "Name":  "El Factor",  "Province":  "140000" },
	{ "Code": "140400",  "Name":  "Río San Juan",  "Province":  "140000" },
	{ "Code": "150100",  "Name":  "Monte Cristi",  "Province":  "150000" },
	{ "Code": "150200",  "Name":  "Castañuelas",  "Province":  "150000" },
	{ "Code": "150300",  "Name":  "Guayubín",  "Province":  "150000" },
	{ "Code": "150400",  "Name":  "Las Matas de Santa Cruz",  "Province":  "150000" },
	{ "Code": "150500",  "Name":  "Pepillo Salcedo",  "Province":  "150000" },
	{ "Code": "150600",  "Name":  "Villa Vasquez",  "Province":  "150000" },
	{ "Code": "160100",  "Name":  "Pedernales",  "Province":  "160000" },
	{ "Code": "160200",  "Name":  "Oviedo",  "Province":  "160000" },
	{ "Code": "170100",  "Name":  "Bani",  "Province":  "170000" },
	{ "Code": "170200",  "Name":  "Nizao",  "Province":  "170000" },
	{ "Code": "170300",  "Name":  "Matanza",  "Province":  "170000" },
	{ "Code": "180100",  "Name":  "Puerto Plata",  "Province":  "180000" },
	{ "Code": "180200",  "Name":  "Altamira",  "Province":  "180000" },
	{ "Code": "180300",  "Name":  "Guananico",  "Province":  "180000" },
	{ "Code": "180400",  "Name":  "Imbert",  "Province":  "180000" },
	{ "Code": "180500",  "Name":  "Los Hidalgos",  "Province":  "180000" },
	{ "Code": "180600",  "Name":  "Luperón",  "Province":  "180000" },
	{ "Code": "180700",  "Name":  "Sosúa",  "Province":  "180000" },
	{ "Code": "180800",  "Name":  "Villa Isabela",  "Province":  "180000" },
	{ "Code": "180900",  "Name":  "Villa Montellano",  "Province":  "180000" },
	{ "Code": "190100",  "Name":  "Salcedo",  "Province":  "190000" },
	{ "Code": "190200",  "Name":  "Tenares",  "Province":  "190000" },
	{ "Code": "190300",  "Name":  "Villa Tapia",  "Province":  "190000" },
	{ "Code": "200100",  "Name":  "Samaná",  "Province":  "200000" },
	{ "Code": "200200",  "Name":  "Sánchez",  "Province":  "200000" },
	{ "Code": "200300",  "Name":  "Las Terrenas",  "Province":  "200000" },
	{ "Code": "210100",  "Name":  "San Cristóbal",  "Province":  "210000" },
	{ "Code": "210200",  "Name":  "Sabana Grande de Palenque",  "Province":  "210000" },
	{ "Code": "210300",  "Name":  "Bajos de Haina",  "Province":  "210000" },
	{ "Code": "210400",  "Name":  "Cambita Garabitos",  "Province":  "210000" },
	{ "Code": "210500",  "Name":  "Villa Altagracia",  "Province":  "210000" },
	{ "Code": "210600",  "Name":  "Yaguate",  "Province":  "210000" },
	{ "Code": "210700",  "Name":  "San Gregorio de Nigua",  "Province":  "210000" },
	{ "Code": "210800",  "Name":  "Los Cacaos",  "Province":  "210000" },
	{ "Code": "220100",  "Name":  "San Juan",  "Province":  "220000" },
	{ "Code": "220200",  "Name":  "Bohechío",  "Province":  "220000" },
	{ "Code": "220300",  "Name":  "El Cercado",  "Province":  "220000" },
	{ "Code": "220400",  "Name":  "Juan de Herrera",  "Province":  "220000" },
	{ "Code": "220500",  "Name":  "Las Matas de Farfán",  "Province":  "220000" },
	{ "Code": "220600",  "Name":  "Vallejuelo",  "Province":  "220000" },
	{ "Code": "230100",  "Name":  "San Pedro de Macorís",  "Province":  "230000" },
	{ "Code": "230200",  "Name":  "Los Llanos",  "Province":  "230000" },
	{ "Code": "230300",  "Name":  "Ramón Santana",  "Province":  "230000" },
	{ "Code": "230400",  "Name":  "Consuelo",  "Province":  "230000" },
	{ "Code": "230600",  "Name":  "Guayacanes",  "Province":  "230000" },
	{ "Code": "240100",  "Name":  "Cotui",  "Province":  "240000" },
	{ "Code": "240200",  "Name":  "Cevicos",  "Province":  "240000" },
	{ "Code": "240300",  "Name":  "Fantino",  "Province":  "240000" },
	{ "Code": "240400",  "Name":  "La Mata",  "Province":  "240000" },
	{ "Code": "250100",  "Name":  "Santiago",  "Province":  "250000" },
	{ "Code": "250200",  "Name":  "Bisonó",  "Province":  "250000" },
	{ "Code": "250300",  "Name":  "Jánico",  "Province":  "250000" },
	{ "Code": "250400",  "Name":  "Licey al Medio",  "Province":  "250000" },
	{ "Code": "250500",  "Name":  "San José de las Matas",  "Province":  "250000" },
	{ "Code": "250600",  "Name":  "Tamboril",  "Province":  "250000" },
	{ "Code": "250700",  "Name":  "Villa González",  "Province":  "250000" },
	{ "Code": "250800",  "Name":  "Puñal",  "Province":  "250000" },
	{ "Code": "250900",  "Name":  "Sabana Iglesia",  "Province":  "250000" },
	{ "Code": "251000",  "Name":  "Baitoa",  "Province":  "250000" },
	{ "Code": "260100",  "Name":  "San Ignacio de Sabaneta",  "Province":  "260000" },
	{ "Code": "260200",  "Name":  "Villa Los Almácigos",  "Province":  "260000" },
	{ "Code": "260300",  "Name":  "Monción",  "Province":  "260000" },
	{ "Code": "270100",  "Name":  "Mao",  "Province":  "270000" },
	{ "Code": "270200",  "Name":  "Esperanza",  "Province":  "270000" },
	{ "Code": "270300",  "Name":  "Laguna Salada",  "Province":  "270000" },
	{ "Code": "280100",  "Name":  "Bonao",  "Province":  "280000" },
	{ "Code": "280200",  "Name":  "Maimón",  "Province":  "280000" },
	{ "Code": "280300",  "Name":  "Piedra Blanca",  "Province":  "280000" },
	{ "Code": "290100",  "Name":  "Monte Plata",  "Province":  "290000" },
	{ "Code": "290200",  "Name":  "Bayaguana",  "Province":  "290000" },
	{ "Code": "290300",  "Name":  "Sabana Grande de Boyá",  "Province":  "290000" },
	{ "Code": "290400",  "Name":  "Yamasá",  "Province":  "290000" },
	{ "Code": "290500",  "Name":  "Peralvillo",  "Province":  "290000" },
	{ "Code": "300100",  "Name":  "Hato Mayor",  "Province":  "300000" },
	{ "Code": "300200",  "Name":  "Sabana de la Mar",  "Province":  "300000" },
	{ "Code": "300300",  "Name":  "El Valle",  "Province":  "300000" },
	{ "Code": "310100",  "Name":  "San José de Ocoa",  "Province":  "310000" },
	{ "Code": "310200",  "Name":  "Sabana Larga",  "Province":  "310000" },
	{ "Code": "310300",  "Name":  "Rancho Arriba",  "Province":  "310000" },
	{ "Code": "320100",  "Name":  "Santo Domingo Este",  "Province":  "320000" },
	{ "Code": "320200",  "Name":  "Santo Domingo Oeste",  "Province":  "320000" },
	{ "Code": "320300",  "Name":  "Santo Domingo Norte",  "Province":  "320000" },
	{ "Code": "320400",  "Name":  "Boca Chica",  "Province":  "320000" },
	{ "Code": "320500",  "Name":  "San Antonio de Guerra",  "Province":  "320000" },
	{ "Code": "320600",  "Name":  "Los Alcarrizos",  "Province":  "320000" },
	{ "Code": "320700",  "Name":  "Pedro Brand",  "Province":  "320000" }
]